provisional_id,five_prime_process_signal_selected_row_count_sum_over_mature_count_sum,num_locis,Folding Energy,3' Overhang Bot,3' Overhang Top,mature_seq_on_top,miRDeep2_score,mirDeep_sensitivity,sensitivity_uncertainty,total_read_count,mature_read_count,loop_read_count,star_read_count,significant_randfold_p-value,homologous_seed_in_miRBase,consensus_mature_sequence_length,mature_5'u_or_3'u,consensus_star_sequence_length,consensus_precursor_sequence_length,Candidate/Confident/no-mirna
Scaffold14_2414,0.9607616792462138,1009,-27,2,2,FALSE,2325281.9,,,4560932,4549421,0,11511,yes,TRUE,22,TRUE,22,60,Confident
Scaffold374_10871,0.9447737077288592,1100,-23,1,2,FALSE,990083.7,,,1941998,1858710,0,83288,yes,TRUE,21,TRUE,23,58,Confident
Scaffold1685_26559,0.9716596059968228,756,-26.9,3,2,TRUE,919271.5,,,1803104,1797731,23,5350,yes,TRUE,22,TRUE,23,63,Confident
Scaffold123_897,0.9599174572609432,1037,-29.3,2,2,FALSE,868395.6,,,1703312,1681861,1,21450,yes,TRUE,22,TRUE,25,63,Confident
Scaffold2229_29571,0.9700034895355704,769,-22.2,3,1,FALSE,793331.4,,,1556077,1553791,23,2263,yes,TRUE,23,TRUE,21,61,Confident
Scaffold2242_29734,0.9569148512422389,674,-27.8,2,2,FALSE,723130,,,1418380,1392958,0,25422,yes,TRUE,22,TRUE,23,59,Confident
Scaffold1193_20492,0.9676178742011918,668,-20.8,2,2,FALSE,640540.4,,,1256385,1255121,0,1264,yes,TRUE,22,TRUE,22,59,Confident
Scaffold161_3914,0.9161242908523018,1051,-17.7,1,2,FALSE,477269.4,,,936136,914307,0,21829,yes,TRUE,21,TRUE,22,58,Confident
Scaffold1040_18710,0.9720646884006002,814,-26.5,2,1,FALSE,385290.2,,,755729,752017,59,3653,yes,FALSE,23,TRUE,21,67,Confident
Scaffold1003_17825,0.9360779231174172,713,-24.2,3,2,FALSE,331201.9,,,649630,626170,0,23460,yes,TRUE,23,TRUE,22,62,Confident
Scaffold653_16450,0.9659300357183732,677,-26.6,1,2,TRUE,299037.2,,,586541,585385,56,1100,yes,TRUE,22,TRUE,22,62,Confident
Scaffold653_16448,0.9791917884145904,545,-23,1,0,TRUE,241365.5,,,473420,472672,11,737,yes,TRUE,21,TRUE,22,68,Confident
Scaffold653_16446,0.9787797665587604,458,-15.8,0,2,TRUE,218445.3,,,428464,428443,0,21,yes,TRUE,22,FALSE,20,55,Confident
Scaffold27_6942,0.979075112,588,-25.4,2,1,TRUE,197605.2,,,387587,387285,0,302,yes,TRUE,22,FALSE,22,61,Confident
Scaffold297_8159,0.9772216504589276,486,-24.9,2,2,TRUE,146791.7,,,287917,285658,0,2259,yes,TRUE,22,TRUE,22,61,Confident
Scaffold5223_39698,0.9724970451919628,813,-23,1,2,TRUE,136696.1,,,268123,150602,0,117521,yes,FALSE,24,FALSE,21,56,Confident
Scaffold831_44332,0.974803519,393,-18.3,2,2,FALSE,119687.2,,,234753,233611,0,1142,yes,TRUE,22,TRUE,22,57,Confident
Scaffold650_16003,0.9463730312397922,641,-30.3,1,5,FALSE,107691.6,,,211223,207180,0,4043,yes,TRUE,22,TRUE,26,62,Confident
Scaffold699_16958,0.9768151311775471,343,-18.8,2,2,TRUE,101959.7,,,199983,199953,0,30,yes,TRUE,22,TRUE,22,59,Confident
Scaffold831_44330,0.9745778049249494,402,-19.9,2,2,FALSE,90144.6,,,176808,175517,0,1291,yes,TRUE,22,FALSE,24,56,Confident
Scaffold651_16105,0.9717346265054756,321,-25.4,2,2,FALSE,89573.1,,,175685,174863,0,822,yes,TRUE,22,TRUE,22,61,Confident
Scaffold1003_17823,0.7379942721585112,852,-27.6,1,2,FALSE,82905.8,,,162614,160218,18,2378,yes,FALSE,22,TRUE,23,63,Confident
Scaffold835_44497,0.980243015,372,-19,2,1,FALSE,79430.5,,,155793,155741,0,52,yes,TRUE,22,FALSE,21,56,Confident
Scaffold2478_31273,0.9709113904039206,484,-24.5,2,0,TRUE,72622.7,,,142439,139158,0,3281,yes,TRUE,21,TRUE,23,62,Confident
Scaffold835_44499,0.9799247270795454,319,-18.1,2,2,FALSE,68139.3,,,133644,133605,0,39,yes,TRUE,22,FALSE,24,55,Confident
Scaffold123_744,0.9683564381562668,353,-26.6,2,2,TRUE,64351.3,,,126221,126068,0,153,yes,FALSE,22,TRUE,22,57,Confident
Scaffold3226_34799,0.8421275418003028,452,-23.4,2,2,FALSE,62631.9,,,122843,105406,0,17437,yes,TRUE,22,TRUE,22,59,Confident
Scaffold109_102,0.8421275418003028,452,-22.5,2,2,FALSE,62631.8,,,122843,105406,0,17437,yes,TRUE,22,TRUE,22,59,Confident
Scaffold232_6886,0.9537667310272604,298,-19.4,2,2,FALSE,62317.2,,,122224,122194,0,30,yes,TRUE,22,TRUE,23,58,Confident
Scaffold69737_42001,0.4952805299876883,772,-23.6,1,2,FALSE,60831.3,,,119316,115591,0,3725,yes,FALSE,21,TRUE,22,59,Confident
Scaffold1003_17829,0.4952805299876883,772,-23.6,1,2,FALSE,60831.3,,,119316,115591,0,3725,yes,FALSE,21,TRUE,22,59,Confident
Scaffold6964_41998,0.8148972221746795,796,-20.9,1,2,TRUE,60092.1,,,117861,58426,0,59435,yes,TRUE,22,TRUE,21,59,Confident
Scaffold69737_42003,0.4755197441259687,714,-23.8,1,4,FALSE,57973.5,,,113712,108255,0,5457,yes,FALSE,21,TRUE,23,58,Confident
Scaffold1003_17831,0.4755197441259687,714,-23.8,1,4,FALSE,57973.5,,,113712,108255,0,5457,yes,FALSE,21,TRUE,23,58,Confident
Scaffold321_9341,0.968958504,347,-22.7,2,2,FALSE,55401.9,,,108661,108633,0,28,yes,TRUE,21,TRUE,21,58,Confident
Scaffold651_16107,0.9612844665499644,259,-25.7,3,1,FALSE,55043.1,,,107957,107056,3,898,yes,TRUE,22,TRUE,22,62,Confident
Scaffold637_15575,0.8258856010509207,474,-26.6,1,2,FALSE,45799.7,,,89826,75776,9,14041,yes,TRUE,23,TRUE,24,65,Confident
Scaffold320_9249,0.7451708140025306,496,-19.3,2,1,FALSE,42305.3,,,82985,76046,0,6939,no,TRUE,22,TRUE,21,60,Confident
Scaffold147_3048,0.9569285662273356,287,-26.6,1,2,FALSE,42013,,,82398,82032,0,366,yes,TRUE,21,TRUE,23,58,Confident
Scaffold1003_17828,0.9762203421495104,489,-22,0,1,TRUE,39057.9,,,76603,37404,0,39199,yes,TRUE,21,TRUE,21,58,Confident
Scaffold69737_42000,0.976271277,481,-23.4,0,1,TRUE,39053.9,,,76594,37392,3,39199,yes,TRUE,21,TRUE,21,58,Confident
Scaffold637_15657,0.8341131808952061,569,-22,2,1,TRUE,38522.4,,,75553,33980,0,41573,yes,TRUE,22,TRUE,23,59,Confident
Scaffold4012_36888,0.9264390906808077,367,-20.7,2,2,TRUE,35299.6,,,69241,67699,0,1542,no,TRUE,23,FALSE,22,60,Confident
Scaffold3655_36051,0.5811121870684044,1231,-7.8,14,12,FALSE,29976.7,,,58825,49073,9639,113,no,FALSE,20,TRUE,18,61,falsepositive
Scaffold1193_20490,0.9457629250702336,257,-25.5,2,1,FALSE,24316.8,,,47688,46665,17,1006,yes,TRUE,22,TRUE,23,66,Confident
Scaffold835_44495,0.9643533474434668,215,-19.1,2,2,FALSE,22887.6,,,44885,44664,0,221,yes,TRUE,22,FALSE,24,57,Confident
Scaffold835_44493,0.8935213321988574,239,-22,2,4,FALSE,20972.4,,,41135,40683,0,452,yes,FALSE,22,TRUE,24,61,Confident
Scaffold80_17601,0.9756723746853112,282,-25.9,2,3,TRUE,20797.8,,,40786,40119,0,667,yes,TRUE,23,TRUE,22,60,Confident
Scaffold123_742,0.9669119651131098,285,-26,3,2,TRUE,19095.8,,,37455,36682,0,773,yes,FALSE,24,TRUE,22,61,Confident
Scaffold4012_36892,0.7162637243766564,307,-25,2,1,TRUE,19072,,,37409,36978,0,431,no,TRUE,22,FALSE,22,60,Confident
Scaffold519_13434,0.98710829,226,-26.8,2,1,TRUE,18320.2,,,35926,35294,0,632,yes,TRUE,21,TRUE,22,59,Confident
Scaffold2242_29656,0.9355692850838482,235,-14.4,4,1,FALSE,16319,,,32010,31991,0,19,yes,FALSE,18,TRUE,19,37,falsepositive
Scaffold613_15119,0.7248074454428755,235,-16.7,2,2,FALSE,12695.9,,,24896,18445,1,6450,yes,TRUE,22,FALSE,22,62,Confident
Scaffold78108_42953,0.972719417,114,-17.9,2,2,FALSE,12391,,,24296,24292,0,4,yes,TRUE,22,TRUE,22,60,Confident
Scaffold3150_34570,0.9728395061728397,113,-17.9,2,2,FALSE,12390.9,,,24296,24292,0,4,yes,TRUE,22,TRUE,22,60,Confident
Scaffold27_6929,0.941090358,170,-26.6,2,2,FALSE,10099.9,,,19810,19770,0,40,yes,FALSE,23,TRUE,24,60,Candidate
Scaffold650_16005,0.4642293672814319,308,-25.1,2,2,FALSE,9366.1,,,18370,8760,0,9610,yes,FALSE,23,FALSE,24,60,Confident
Scaffold3080_34236,0.8592524830109776,209,-17.2,2,2,FALSE,7796.8,,,15293,13579,0,1714,yes,FALSE,22,FALSE,22,60,Confident
Scaffold12_665,0.9627852785963952,235,-21.9,3,2,TRUE,7460.2,,,14625,14579,0,46,yes,TRUE,24,FALSE,23,62,Confident
Scaffold226_5945,0.605225989,241,-26.7,2,1,FALSE,7219.7,,,14159,8799,0,5360,yes,FALSE,22,TRUE,22,61,Confident
Scaffold80969_43442,0.9327242524916944,59,-36.4,1,2,FALSE,6134.6,,,12031,11571,0,460,yes,FALSE,21,TRUE,22,60,Candidate
Scaffold1262_22187,0.9744140275541242,203,-25.5,1,1,FALSE,5700.4,,,11173,11172,0,1,yes,TRUE,21,FALSE,19,49,Confident
Scaffold2605_31753,0.7856179308913562,217,-15.7,2,3,TRUE,4979.4,,,9787,9274,4,509,no,FALSE,22,TRUE,21,72,Candidate
Scaffold51654_39146,0.7851291091983822,189,-14.8,2,3,TRUE,4757.4,,,9336,9274,3,59,yes,FALSE,22,TRUE,21,72,falsepositive
Scaffold2544_31533,0.9564648507196384,118,-23.4,2,2,TRUE,4454.1,,,8728,8406,0,322,yes,TRUE,22,TRUE,22,58,Confident
Scaffold959_46882,0.9748778785764132,142,-17,2,2,TRUE,4381.7,,,8595,8592,0,3,yes,FALSE,23,TRUE,22,59,Candidate
Scaffold699_16961,0.91443705,135,-21.4,2,0,FALSE,3757.3,,,7363,7314,0,49,yes,TRUE,22,FALSE,22,61,Confident
Scaffold1685_26400,0.9784535452322738,130,-20.2,2,2,TRUE,3344.9,,,6560,6538,0,22,yes,FALSE,23,TRUE,22,60,Candidate
Scaffold80_17577,0.9784535452322738,131,-20.2,2,2,TRUE,3344.9,,,6560,6538,0,22,yes,FALSE,23,TRUE,22,60,Candidate
Scaffold499_13229,0.9784535452322738,131,-20.2,2,2,TRUE,3344.9,,,6560,6538,0,22,yes,FALSE,23,TRUE,22,60,Candidate
Scaffold52_39649,0.9784535452322738,131,-20.2,2,2,TRUE,3344.9,,,6560,6538,0,22,yes,FALSE,23,TRUE,22,60,Candidate
Scaffold39_11324,0.9784535452322738,130,-20.2,2,2,TRUE,3344.9,,,6560,6538,0,22,yes,FALSE,23,TRUE,22,60,Candidate
Scaffold7775_42898,0.6825881275751564,173,-19.7,1,2,FALSE,3257.1,,,6392,4605,6,1781,yes,FALSE,21,TRUE,23,70,Candidate
Scaffold7747_42788,0.9395142086045404,138,-24,2,2,FALSE,3197.9,,,6271,6075,0,196,yes,FALSE,22,TRUE,22,57,Confident
Scaffold5317_39984,0.8840353614144566,124,-20.8,2,2,FALSE,2944.4,,,5768,5611,0,157,yes,TRUE,22,FALSE,24,62,Confident
Scaffold76311_42531,0.6422885572139303,113,-37.9,2,2,TRUE,2244.8,,,4401,3999,0,402,yes,FALSE,22,TRUE,22,59,Candidate
Scaffold2737_32898,0.6641773066730908,102,-28.4,1,1,TRUE,2213.4,,,4339,4125,3,211,yes,FALSE,22,TRUE,22,68,falsepositive
Scaffold3142_34421,0.8146038322112895,104,-26.7,2,0,FALSE,1966.8,,,3856,3253,0,603,yes,FALSE,22,TRUE,20,54,Confident
Scaffold1008_17932,0.8366477272727273,105,-32.5,1,1,TRUE,1903.7,,,3731,3520,0,211,yes,FALSE,22,TRUE,22,68,falsepositive
Scaffold12_670,0.6308186195826645,111,-25,2,1,FALSE,1592,,,3115,3109,3,3,yes,TRUE,23,TRUE,20,63,Confident
Scaffold995_47681,0.753502854,111,-26.8,2,1,TRUE,1266.7,,,2483,1925,0,558,yes,FALSE,22,FALSE,23,57,Candidate
Scaffold1040_18706,0.8995098039215687,95,-17.7,1,2,FALSE,1249.9,,,2447,2446,0,1,yes,TRUE,21,TRUE,22,58,Confident
Scaffold29267_33790,0.823453051,70,-26,2,3,FALSE,1168.3,,,2290,2268,0,22,yes,FALSE,22,TRUE,23,57,Candidate
Scaffold370_48064,0.823453051,70,-26,2,3,FALSE,1168.3,,,2290,2268,0,22,yes,FALSE,22,TRUE,23,57,Candidate
Scaffold370_48070,0.823453051,70,-26,2,3,FALSE,1168.3,,,2290,2268,0,22,yes,FALSE,22,TRUE,23,57,Candidate
Scaffold30735_34184,0.1644390441474281,358,-18.1,2,3,FALSE,1167.9,,,2313,604,1703,6,no,FALSE,22,TRUE,22,91,falsepositive
Scaffold370_48058,0.824523397,70,-26,2,3,FALSE,1166.3,,,2286,2268,0,18,yes,FALSE,22,TRUE,23,57,Candidate
Scaffold206_5701,0.9510818438381938,62,-18.8,2,2,TRUE,1126.2,,,2208,1063,0,1145,yes,FALSE,22,TRUE,22,60,Confident
Scaffold1114_19818,0.9658291457286432,98,-34.2,3,4,TRUE,1061.6,,,2082,1972,0,110,yes,FALSE,22,TRUE,21,87,Candidate
Scaffold52916_39945,0.9815289892252436,52,-26,1,1,TRUE,997.8,,,1956,1949,0,7,yes,FALSE,22,TRUE,22,58,Candidate
Scaffold562_14219,0.9678233438485804,61,-29.7,2,1,TRUE,827.6,,,1622,1584,0,38,yes,FALSE,22,TRUE,23,59,Candidate
Scaffold17732_26734,0.9678233438485804,61,-29.7,2,1,TRUE,827.6,,,1622,1584,0,38,yes,FALSE,22,TRUE,23,59,Candidate
Scaffold50266_39094,0.7558620689655172,64,-27.4,2,2,TRUE,671,,,1314,722,0,592,yes,FALSE,22,TRUE,22,58,Candidate
Scaffold1837_27190,0.6268328445747801,83,-20.3,2,4,FALSE,659.8,,,1293,1262,0,31,yes,FALSE,21,TRUE,23,55,falsepositive
Scaffold479_38385,0.4905087319665907,108,-21.5,2,2,FALSE,635.3,,,1245,877,0,368,yes,FALSE,22,TRUE,22,63,falsepositive
Scaffold10598_18842,0.7178477690288714,70,-42.1,2,2,TRUE,620.6,,,1214,723,6,485,yes,FALSE,23,TRUE,22,78,falsepositive
Scaffold87465_45079,0.7254641909814323,74,-42.1,2,2,TRUE,620.5,,,1214,723,6,485,yes,FALSE,23,TRUE,22,78,falsepositive
Scaffold3347_35114,0.7178477690288714,75,-41.2,2,2,TRUE,617.6,,,1208,723,0,485,yes,FALSE,23,TRUE,22,78,falsepositive
Scaffold370000_48125,0.9341238471673254,58,-21.2,2,2,TRUE,604.3,,,1185,758,0,427,yes,FALSE,22,TRUE,22,59,Candidate
Scaffold76311_42530,0.8077889447236181,70,-38.7,2,1,TRUE,603.3,,,1181,779,0,402,yes,FALSE,21,TRUE,22,59,Candidate
Scaffold844_44807,0.9423240033927056,51,-15.3,0,1,FALSE,596.2,,,1173,1169,0,4,yes,FALSE,21,TRUE,22,57,Candidate
Scaffold1944_27984,0.9415254237288136,52,-15.3,0,1,FALSE,590.8,,,1173,1169,0,4,no,FALSE,21,TRUE,22,57,Candidate
Scaffold147_2681,0.3990338164251207,37,-10.6,1,2,FALSE,517.9,,,1033,1031,0,2,no,TRUE,18,FALSE,18,70,Confident
Scaffold297_8162,0.7080536912751678,59,-21.7,2,3,FALSE,446,,,874,687,0,187,yes,FALSE,22,TRUE,23,59,Candidate
Scaffold325_10275,0.4938725490196078,50,-23.2,2,2,TRUE,431.3,,,846,815,0,31,yes,FALSE,22,TRUE,22,57,Candidate
Scaffold147_3113,0.9803921568627452,27,-13.7,2,3,TRUE,380.7,,,747,663,0,84,yes,FALSE,23,TRUE,22,59,Candidate
Scaffold2605_32074,0.7047244094488189,43,-22.3,2,2,FALSE,377.8,,,734,548,0,186,yes,TRUE,22,TRUE,23,57,Confident
Scaffold28_7692,0.9469578783151326,51,-21.6,2,2,TRUE,376.2,,,752,623,0,129,no,FALSE,22,TRUE,23,60,Candidate
Scaffold226_5925,0.2745098039215686,96,-31.6,2,2,TRUE,356.5,,,699,341,19,339,yes,FALSE,22,TRUE,22,89,falsepositive
Scaffold52_39317,0.8592162554426706,38,-26.4,2,3,FALSE,351.7,,,689,616,0,73,yes,FALSE,21,TRUE,22,60,Candidate
Scaffold8852_45217,0.4747023809523809,37,-25.2,1,2,FALSE,343.4,,,672,357,0,315,yes,FALSE,22,TRUE,23,57,Candidate
Scaffold26953_32821,0.7129798903107861,71,-31.7,1,0,TRUE,308.2,,,603,542,0,61,yes,FALSE,22,TRUE,23,65,Candidate
Scaffold52_39313,0.6192052980132451,43,-24.2,3,3,FALSE,308.1,,,604,502,0,102,yes,FALSE,22,TRUE,22,60,Candidate
Scaffold835_44556,0.7246891651865008,37,-39.9,1,1,FALSE,285.8,,,557,490,0,67,yes,FALSE,22,TRUE,22,57,Candidate
Scaffold835_44491,0.7246891651865008,37,-36.1,1,1,FALSE,285.7,,,557,490,0,67,yes,FALSE,22,TRUE,22,57,Candidate
Scaffold591_14473,0.5943204868154158,35,-19.3,2,2,FALSE,247.8,,,485,301,0,184,yes,FALSE,22,TRUE,23,60,Candidate
Scaffold11099_19768,0.6242299794661191,40,-25.5,3,3,FALSE,245.8,,,480,439,0,41,yes,FALSE,22,FALSE,22,61,Candidate
Scaffold18461_27521,0.8951048951048951,34,-17.9,1,2,TRUE,233.1,,,450,429,0,21,yes,TRUE,22,FALSE,21,56,Confident
Scaffold1193_20494,0.3288888888888889,27,-21.8,2,2,FALSE,228.6,,,449,180,0,269,yes,FALSE,22,FALSE,22,58,Candidate
Scaffold297_7888,0.9787735849056604,25,-20.8,2,2,TRUE,222.4,,,428,424,0,4,yes,TRUE,23,TRUE,22,58,Confident
Scaffold52_39315,0.7328042328042328,20,-20,2,3,FALSE,196.8,,,378,306,0,72,yes,TRUE,22,TRUE,23,56,Confident
Scaffold2348_30263,0.8485804416403786,30,-38.3,2,2,TRUE,192.6,,,375,317,0,58,yes,FALSE,22,FALSE,22,57,Candidate
Scaffold862_44989,0.9809523809523808,25,-25.2,1,2,TRUE,180.3,,,352,315,0,37,yes,FALSE,23,TRUE,22,57,Candidate
Scaffold199_5397,0.9809523809523808,24,-20.7,1,2,TRUE,180,,,352,315,0,37,yes,FALSE,23,TRUE,22,57,Candidate
Scaffold14023_23716,0.9335443037974684,15,-27.3,2,2,FALSE,161.1,,,314,313,0,1,yes,FALSE,22,TRUE,22,58,Candidate
Scaffold52_39229,0.9335443037974684,15,-27.3,2,2,FALSE,161.1,,,314,313,0,1,yes,FALSE,22,TRUE,22,58,Candidate
Scaffold52_39311,0.5860655737704918,16,-18.2,2,2,FALSE,124.5,,,244,150,0,94,yes,FALSE,22,FALSE,24,62,Candidate
Scaffold619_15460,0.6753246753246753,29,-31.2,2,3,TRUE,116.8,,,228,154,0,74,yes,FALSE,23,FALSE,22,60,Candidate
Scaffold545_13950,0.9695431472081218,20,-21,2,2,TRUE,111.3,,,211,197,0,14,yes,TRUE,23,TRUE,22,59,Confident
Scaffold811_43585,0.9946236559139784,16,-13.4,2,1,TRUE,108.2,,,228,186,0,42,no,FALSE,22,TRUE,21,56,Candidate
Scaffold80617_43157,0.9213483146067416,26,-34.2,3,0,TRUE,99.3,,,193,85,0,108,yes,FALSE,21,TRUE,24,60,Candidate
Scaffold27_7296,0.4978902953586498,36,-8.3,1,2,FALSE,98.5,,,214,137,0,77,no,FALSE,24,TRUE,22,63,Candidate
Scaffold297_7889,0.9238578680203046,13,-18.6,2,3,FALSE,98.3,,,192,185,0,7,yes,FALSE,22,TRUE,23,57,Candidate
Scaffold2366_30934,0.8159203980099502,25,-29.7,2,0,FALSE,98.1,,,190,178,0,12,yes,FALSE,22,TRUE,20,50,falsepositive
Scaffold15_3338,0.558282209,22,-33.9,2,2,FALSE,76.1,,,147,122,0,25,yes,FALSE,22,TRUE,22,58,falsepositive
Scaffold15_3239,0.558282209,22,-33,2,2,FALSE,76.1,,,147,122,0,25,yes,FALSE,22,TRUE,22,58,falsepositive
Scaffold338_47873,0.6,16,-29.7,2,2,FALSE,73.5,,,141,96,0,45,yes,FALSE,22,FALSE,22,51,Candidate
Scaffold2321_30147,0.8229166666666666,24,-37.8,2,2,TRUE,73.3,,,141,96,0,45,yes,FALSE,22,TRUE,22,55,Candidate
Scaffold118_502,0.8014705882352942,15,-17.4,1,2,TRUE,72.7,,,145,132,0,13,yes,FALSE,22,TRUE,21,60,Candidate
Scaffold297_7897,0.9214285714285714,13,-22.5,2,2,FALSE,72.1,,,140,134,0,6,yes,FALSE,21,TRUE,22,59,Candidate
Scaffold325_9990,0.2790697674418604,21,-20.7,1,1,FALSE,65.8,,,129,46,0,83,yes,FALSE,22,FALSE,23,60,Candidate
Scaffold297_7899,0.943089431,14,-18.1,2,2,FALSE,63.1,,,123,120,0,3,yes,FALSE,21,TRUE,23,56,Candidate
Scaffold2557_31612,0.9,17,-21.8,1,1,FALSE,62.8,,,123,119,0,4,yes,FALSE,22,TRUE,20,58,Candidate
Scaffold118_523,0.8285714285714286,12,-30.3,2,0,FALSE,53.6,,,102,96,0,6,yes,FALSE,22,FALSE,20,51,Candidate
Scaffold29488_33910,0.8446601941747572,11,-19.5,3,0,FALSE,52,,,100,96,0,4,yes,FALSE,22,FALSE,19,45,falsepositive
Scaffold1063_18934,0.9891304347826086,16,-25.4,1,1,TRUE,50.8,,,99,92,0,7,yes,FALSE,22,TRUE,22,58,Candidate
Scaffold297_8261,0.9893617021276596,14,-31.8,1,3,TRUE,49.7,,,95,94,0,1,yes,FALSE,22,TRUE,20,58,Candidate
Scaffold1231_21772,0.5882352941176471,15,-29.8,2,2,TRUE,48.6,,,93,68,0,25,yes,FALSE,22,TRUE,22,62,falsepositive
Scaffold809_43346,0.9787234042553192,26,-26.6,2,2,TRUE,47,,,90,47,0,43,yes,FALSE,22,FALSE,22,56,Candidate
Scaffold297_7901,0.9333333333333332,13,-17.6,2,2,FALSE,46.3,,,90,88,0,2,yes,FALSE,21,TRUE,23,53,Candidate
Scaffold699_17004,0.4418604651162791,8,-24.5,2,1,FALSE,40.6,,,79,71,0,8,yes,FALSE,22,FALSE,21,76,falsepositive
Scaffold65505_41522,0.9090909090909092,16,-22.6,1,3,TRUE,40.4,,,78,63,0,15,yes,FALSE,23,TRUE,21,61,Candidate
Scaffold378_10980,0.9782608695652174,8,-43.6,2,2,TRUE,37,,,70,46,0,24,yes,FALSE,22,FALSE,22,54,Candidate
Scaffold653_16458,0.7941176470588235,15,-18.3,1,2,TRUE,36.2,,,70,68,0,2,yes,FALSE,23,FALSE,22,56,Candidate
Scaffold1063_18938,0.7058823529411765,17,-17.4,2,2,TRUE,36,,,69,51,2,16,yes,FALSE,22,TRUE,22,68,falsepositive
Scaffold328_10340,1,10,-26.8,2,2,TRUE,34.1,,,65,32,0,33,yes,FALSE,22,FALSE,22,49,Candidate
Scaffold651_16161,0.2068965517241379,32,-16.1,3,0,TRUE,32.4,,,79,56,18,5,no,FALSE,22,FALSE,22,90,falsepositive
Scaffold20815_28739,0.7792207792207793,14,-14.2,1,1,FALSE,31.2,,,76,75,0,1,no,FALSE,22,FALSE,23,55,Candidate
Scaffold477_12817,0.5645161290322581,12,-13.3,2,2,FALSE,30.6,,,62,35,0,27,yes,FALSE,22,TRUE,22,56,Candidate
Scaffold995_47688,0.7068965517241379,10,-21.6,1,0,FALSE,30.5,,,58,57,0,1,yes,FALSE,21,TRUE,20,53,Candidate
Scaffold651_16151,0.7884615384615384,9,-39.3,2,2,TRUE,29.9,,,56,50,0,6,yes,FALSE,22,TRUE,22,58,Candidate
Scaffold338_47986,0.9782608695652174,12,-29.7,2,2,TRUE,29.8,,,56,45,0,11,yes,FALSE,22,FALSE,22,51,Candidate
Scaffold297_7895,0.9285714285714286,6,-22.5,2,3,FALSE,28.9,,,56,52,0,4,yes,FALSE,21,TRUE,23,59,Candidate
Scaffold52_39199,0.5,8,-31.2,3,2,FALSE,28.3,,,54,30,0,24,yes,FALSE,22,TRUE,21,58,Candidate
Scaffold18461_27417,0.4107142857142857,9,-18.9,1,0,FALSE,27.6,,,54,23,0,31,yes,FALSE,22,FALSE,21,60,Candidate
Scaffold811_43581,0.4489795918367347,8,-36.2,2,2,FALSE,25.8,,,48,22,0,26,yes,FALSE,22,FALSE,22,54,Candidate
Scaffold132_1849,1,6,-19.4,2,2,TRUE,25.3,,,48,47,0,1,yes,FALSE,21,TRUE,22,58,Candidate
Scaffold155_3532,0.7959183673469388,7,-19.4,3,1,FALSE,24,,,49,46,0,3,yes,FALSE,22,FALSE,21,61,Candidate
Scaffold165_4341,0.5116279069767442,7,-24.8,2,2,FALSE,22.3,,,42,24,0,18,yes,FALSE,22,TRUE,22,55,Candidate
Scaffold2321_30146,0.85,9,-35.4,2,0,FALSE,21.7,,,40,35,0,5,yes,FALSE,22,FALSE,20,55,Candidate
Scaffold699_16902,1,8,-32.2,1,1,TRUE,19.2,,,36,21,0,15,yes,FALSE,22,TRUE,22,58,Candidate
Scaffold14_2193,0.7586206896551724,8,-22,2,2,FALSE,18.7,,,29,22,0,7,yes,TRUE,22,TRUE,22,60,Confident
Scaffold2305_30057,1,10,-26.8,2,2,TRUE,17.6,,,34,27,0,7,yes,FALSE,22,TRUE,22,54,Candidate
Scaffold1870_27770,1,4,-27.3,1,3,TRUE,15.5,,,29,28,0,1,yes,FALSE,20,TRUE,18,83,falsepositive
Scaffold649_15875,0.6470588235294118,6,-26.3,3,3,TRUE,15.4,,,29,17,0,12,yes,FALSE,22,FALSE,22,58,Candidate
Scaffold328_10342,0.84,9,-16.3,2,2,TRUE,15.1,,,30,25,0,5,yes,FALSE,23,FALSE,22,53,Candidate
Scaffold297_7891,0.6296296296296297,8,-22.9,2,2,FALSE,14.2,,,27,18,0,9,yes,FALSE,21,TRUE,23,57,Candidate
Scaffold1496_24287,0.78,7,-12.6,2,2,FALSE,11.5,,,50,40,0,10,no,FALSE,22,FALSE,23,62,Candidate
Scaffold365_10815,0.6666666666666666,5,-22,2,2,FALSE,11.2,,,20,14,0,6,yes,FALSE,22,TRUE,22,48,Candidate
Scaffold365_10813,0.7,4,-22,2,2,FALSE,11.2,,,20,14,0,6,yes,FALSE,22,TRUE,22,48,Candidate
Scaffold1163_20205,0.7,4,-22,2,2,FALSE,11.1,,,20,14,0,6,yes,FALSE,22,TRUE,22,48,Candidate
Scaffold300_8800,0.631578947,3,-16.3,2,3,FALSE,7.3,,,19,12,0,7,yes,FALSE,21,TRUE,23,60,Candidate
Scaffold499_13158,1,3,-27,2,3,TRUE,6.7,,,13,12,0,1,yes,FALSE,19,FALSE,18,76,falsepositive
Scaffold743_42387,1,3,-20.4,2,2,TRUE,6.1,,,21,20,0,1,no,FALSE,22,FALSE,22,59,Candidate
Scaffold321_9336,0.949738703,125,-26.9,0,2,FALSE,5.4,,,6501,6412,0,89,yes,TRUE,19,TRUE,21,57,Confident
Scaffold2229_29567,0.9738378127254936,1009,-22.7,1,0,FALSE,5.4,,,1616344,1616301,0,43,yes,TRUE,21,TRUE,19,57,Confident
Scaffold317_9156,0.6428571428571429,5,-30,2,2,TRUE,5.4,,,28,28,0,0,yes,TRUE,22,TRUE,22,62,Confident
Scaffold699_16960,0.9645214056066332,230,-28.9,2,1,TRUE,5.3,,,18433,17700,0,733,yes,TRUE,20,TRUE,23,58,Confident
Scaffold3592_35630,0.9719594055045516,513,-25.2,3,0,TRUE,5.2,,,206757,206621,0,136,yes,TRUE,20,TRUE,22,60,Confident
Scaffold3609_35941,0.8731280022605256,156,-24.7,0,2,FALSE,5.2,,,6961,6417,0,544,yes,TRUE,19,TRUE,21,57,Confident
Scaffold27_6940,0.980280927,544,-24.8,2,1,TRUE,5.1,,,221510,221359,0,151,yes,TRUE,22,FALSE,22,59,Confident
Scaffold73_17262,0.9681571212256168,194,-27.3,1,0,TRUE,5,,,22499,22454,0,45,yes,TRUE,20,FALSE,21,59,Confident
Scaffold29488_33900,0.9777519639306176,296,-25.9,0,2,FALSE,5,,,50791,50767,0,24,yes,TRUE,21,TRUE,22,61,Confident
Scaffold321_9340,0.9448096621311726,132,-25.3,0,4,FALSE,5,,,6523,6417,0,106,yes,TRUE,19,TRUE,23,59,Confident
Scaffold3592_35628,0.9747012568881184,627,-20.3,2,0,TRUE,5,,,190927,161502,0,29425,yes,TRUE,21,TRUE,22,61,Confident
Scaffold300_8437,0.7478448275862069,131,-19.4,0,2,FALSE,5,,,4626,3558,0,1068,yes,TRUE,21,TRUE,23,59,Confident
Scaffold14_2503,0.9357945779149216,298,-27.4,0,1,TRUE,4.9,,,45394,45370,0,24,yes,TRUE,21,TRUE,20,60,Confident
Scaffold2229_29574,0.9769433915198448,876,-26.1,2,1,TRUE,4.9,,,922614,921894,0,720,yes,TRUE,21,TRUE,22,60,Confident
Scaffold15_3231,0.9751990497577996,591,-22.2,0,1,FALSE,4.9,,,538038,537446,0,592,yes,TRUE,20,TRUE,22,58,Confident
Scaffold321_9338,0.9335826477187734,138,-21.7,0,2,FALSE,4.9,,,6670,6474,0,196,yes,TRUE,19,TRUE,23,56,Confident
Scaffold321_9334,0.9481920388939532,131,-23.1,0,4,FALSE,4.8,,,6571,6477,0,94,yes,TRUE,19,TRUE,23,57,Confident
Scaffold499_13237,0.8516483516483516,22,-24.7,2,3,TRUE,4.6,,,182,182,0,0,yes,TRUE,22,FALSE,21,58,Confident
Scaffold5317_39981,0.9647104321763512,282,-22.4,2,1,TRUE,4.6,,,20900,20638,0,262,yes,TRUE,22,FALSE,22,56,Confident
Scaffold147_2944,0.896551724,4,-20.9,2,2,FALSE,4.4,,,28,28,0,0,yes,TRUE,20,TRUE,20,60,Confident
Scaffold995_47583,0.896551724,4,-20.9,2,2,FALSE,4.4,,,28,28,0,0,yes,TRUE,20,TRUE,20,60,Confident
Scaffold562_14141,0.952563188,333,-21,0,2,FALSE,4.2,,,68705,67765,0,940,yes,TRUE,20,TRUE,24,56,Confident
Scaffold988_47226,0.8516483516483516,22,-20.7,0,2,TRUE,4.2,,,182,182,0,0,yes,TRUE,22,FALSE,21,58,Confident
Scaffold4845_38717,0.9726185112879812,630,-21.2,1,0,TRUE,4.1,,,499554,499423,0,131,yes,TRUE,21,TRUE,22,62,Confident
Scaffold3080_34237,0.9733637747336378,70,-22.4,1,0,TRUE,4.1,,,1598,1314,17,267,yes,TRUE,23,TRUE,22,65,Confident
Scaffold3080_34239,0.75,12,-23,2,2,TRUE,4,,,96,96,0,0,yes,TRUE,22,FALSE,22,64,Confident
Scaffold355_10715,1,4,-23.7,1,2,TRUE,3.9,,,17,14,0,3,no,FALSE,23,TRUE,21,55,Candidate
Scaffold11841_20283,0.9534883720930232,7,-24.9,3,3,TRUE,3.8,,,42,42,0,0,yes,TRUE,20,TRUE,20,77,Confident
Scaffold5883_40772,0.9877049180327868,16,-21,0,1,FALSE,3.7,,,244,242,0,2,yes,TRUE,20,TRUE,22,55,Confident
Scaffold14_2288,1,5,-43.7,2,2,TRUE,2.6,,,47,47,0,0,yes,FALSE,22,FALSE,22,75,Candidate
Scaffold1335_22978,1,5,-36.1,2,2,FALSE,2.6,,,36,36,0,0,yes,FALSE,23,FALSE,23,65,Candidate
Scaffold835_44557,1,5,-43.7,2,2,TRUE,2.6,,,47,47,0,0,yes,FALSE,22,FALSE,22,75,Candidate
Scaffold52_39566,0.75,9,-53.9,2,2,FALSE,2.3,,,38,30,8,0,yes,FALSE,22,FALSE,22,84,falsepositive
Scaffold641_15843,0.4666666666666667,7,-32.7,2,2,TRUE,2.3,,,31,29,2,0,yes,FALSE,22,TRUE,22,80,falsepositive
Scaffold1090_19335,0.8536585365853658,7,-45.8,2,2,FALSE,2.2,,,41,41,0,0,yes,FALSE,18,TRUE,18,49,Candidate
Scaffold12893_22426,0.9152542372881356,9,-31.2,2,5,TRUE,2.2,,,59,59,0,0,yes,FALSE,25,TRUE,23,76,Candidate
Scaffold809_43399,0.5245614035087719,11,-39.5,2,1,TRUE,2.2,,,569,569,0,0,yes,FALSE,19,TRUE,22,61,falsepositive
Scaffold42_37349,1,5,-26.3,2,2,TRUE,2.1,,,24,24,0,0,yes,FALSE,22,TRUE,22,59,Candidate
Scaffold147_3064,0.64,14,-36.4,4,4,FALSE,2.1,,,74,71,0,3,yes,FALSE,22,TRUE,22,54,Candidate
Scaffold130_1477,0.88,7,-36.9,2,2,TRUE,2.1,,,75,75,0,0,yes,FALSE,18,FALSE,18,54,Candidate
Scaffold995_47428,0.5290322580645161,15,-33.2,2,2,TRUE,2,,,156,155,1,0,yes,FALSE,22,TRUE,22,82,falsepositive
Scaffold22189_29433,0.692018779,85,-35.7,4,4,FALSE,2,,,977,931,0,46,yes,FALSE,22,FALSE,22,79,falsepositive
Scaffold521_13581,0.9381443298969072,12,-37.1,2,2,FALSE,2,,,97,97,0,0,yes,FALSE,22,TRUE,22,54,Candidate
Scaffold1235_22001,0.9375,6,-35.4,2,3,TRUE,1.9,,,30,30,0,0,yes,FALSE,25,TRUE,23,79,falsepositive
Scaffold1090_19472,0.8201058201058201,12,-36.9,2,2,FALSE,1.9,,,189,189,0,0,yes,FALSE,18,TRUE,18,49,Candidate
Scaffold1034_18262,1,2,-34.8,2,2,FALSE,1.9,,,13,13,0,0,yes,FALSE,22,TRUE,22,63,Candidate
Scaffold10070_17913,0.6458333333333334,16,-19.6,1,2,FALSE,1.9,,,47,47,0,0,yes,FALSE,22,FALSE,23,52,falsepositive
Scaffold1195_20566,0.967741935,5,-38.7,2,3,TRUE,1.9,,,30,30,0,0,yes,FALSE,25,TRUE,23,79,Candidate
Scaffold374_10896,0.6363636363636364,4,-23.6,2,2,FALSE,1.9,,,22,22,0,0,yes,FALSE,22,FALSE,27,57,Candidate
Scaffold4625_37949,0.6458333333333334,16,-19.6,1,2,FALSE,1.9,,,47,47,0,0,yes,FALSE,22,FALSE,23,52,falsepositive
Scaffold1195_20550,0.9743589743589745,6,-29.7,2,2,TRUE,1.9,,,39,39,0,0,yes,FALSE,21,FALSE,21,57,Candidate
Scaffold130_1483,0.761049724,28,-42.5,2,2,TRUE,1.9,,,704,704,0,0,yes,FALSE,18,FALSE,18,59,falsepositive
Scaffold1034_18155,1,2,-33.7,2,2,FALSE,1.8,,,13,13,0,0,yes,FALSE,22,TRUE,22,63,Candidate
Scaffold31093_34285,0.9286973241467712,263,-46.3,2,6,TRUE,1.8,,,5970,5943,9,18,yes,FALSE,25,FALSE,20,100,falsepositive
Scaffold63813_41329,0.9090909090909092,7,-32.4,2,1,TRUE,1.8,,,30,30,0,0,yes,FALSE,25,TRUE,23,79,falsepositive
Scaffold130_1264,0.7640845070422535,19,-34.5,2,2,TRUE,1.8,,,284,284,0,0,yes,FALSE,18,TRUE,18,57,falsepositive
Scaffold111_181,1,1,-23.3,2,2,TRUE,1.8,,,12,12,0,0,yes,FALSE,22,TRUE,22,55,Candidate
Scaffold14_2476,0.3407960199004975,30,-31.1,2,2,FALSE,1.8,,,402,402,0,0,yes,FALSE,22,TRUE,24,55,falsepositive
Scaffold123_1110,0.7318768619662364,66,-28.3,4,4,FALSE,1.7,,,969,931,0,38,yes,FALSE,22,FALSE,22,79,Candidate
Scaffold75714_42495,0.9885057471264368,23,-29.6,2,2,TRUE,1.7,,,174,174,0,0,yes,FALSE,21,TRUE,20,65,Candidate
Scaffold1003_17822,0.9720772353563264,743,-29.6,2,1,TRUE,1.7,,,318924,234499,0,84425,yes,FALSE,21,TRUE,22,59,Confident
Scaffold123_803,0.7318768619662364,66,-28.3,4,4,FALSE,1.7,,,969,931,0,38,yes,FALSE,22,FALSE,22,79,Candidate
Scaffold1034_18167,0.7,3,-12.4,6,6,FALSE,1.7,,,20,14,0,6,yes,FALSE,22,FALSE,22,58,falsepositive
Scaffold942_46261,0.9885057471264368,23,-29.6,2,2,TRUE,1.7,,,174,174,0,0,yes,FALSE,21,TRUE,20,65,Candidate
Scaffold1034_18203,0.9885057471264368,19,-29.6,2,2,TRUE,1.7,,,177,174,3,0,yes,FALSE,21,TRUE,20,65,Candidate
Scaffold649_15907,0.6956521739130435,9,-36.9,2,2,FALSE,1.6,,,45,45,0,0,yes,FALSE,22,FALSE,22,51,Candidate
Scaffold637_15723,0.9545454545454546,9,-30.7,3,7,TRUE,1.6,,,44,42,0,2,yes,FALSE,23,TRUE,19,56,falsepositive
Scaffold355_10760,0.925925926,13,-30.6,2,1,FALSE,1.6,,,108,108,0,0,yes,FALSE,23,FALSE,21,59,Candidate
Scaffold707_17138,0.9770114942528736,6,-24.3,2,2,TRUE,1.6,,,87,87,0,0,yes,FALSE,18,FALSE,20,46,Candidate
Scaffold14_2272,0.6427682350012447,96,-32.4,4,5,TRUE,1.6,,,4072,3999,0,73,yes,FALSE,22,TRUE,22,57,falsepositive
Scaffold34271_35304,0.8823529411764706,3,-24.5,0,1,TRUE,1.6,,,16,16,0,0,yes,FALSE,22,FALSE,24,56,falsepositive
Scaffold139_2045,0.630272953,23,-21.7,2,2,TRUE,1.6,,,384,384,0,0,yes,FALSE,22,FALSE,22,58,falsepositive
Scaffold637_15649,0.7619047619047619,9,-23.3,5,5,TRUE,1.6,,,29,21,2,6,yes,FALSE,22,FALSE,22,69,falsepositive
Scaffold343_10551,0.5569620253164557,27,-34.3,1,3,FALSE,1.6,,,146,146,0,0,yes,FALSE,20,FALSE,22,54,falsepositive
Scaffold637_15573,1,1,-22.7,2,3,FALSE,1.6,,,14,14,0,0,yes,FALSE,22,TRUE,24,64,Candidate
Scaffold297_7893,0.9857142857142858,10,-21.2,2,2,FALSE,1.6,,,70,70,0,0,yes,FALSE,21,TRUE,23,60,Candidate
Scaffold165_4397,1,1,-21.3,2,1,FALSE,1.5,,,12,12,0,0,yes,FALSE,22,FALSE,21,58,Candidate
Scaffold14_2184,0.6180048661800487,30,-24.3,7,6,TRUE,1.5,,,393,389,0,4,yes,FALSE,22,FALSE,23,63,falsepositive
Scaffold4704_38286,1,2,-30.1,2,2,FALSE,1.4,,,16,16,0,0,yes,FALSE,22,TRUE,22,56,Candidate
Scaffold17_4890,0.9534883720930232,10,-28,2,0,TRUE,1.4,,,85,85,0,0,yes,FALSE,21,TRUE,23,59,Candidate
Scaffold132_1783,0.8125,10,-23.5,2,2,TRUE,1.4,,,32,32,0,0,yes,FALSE,22,TRUE,22,62,falsepositive
Scaffold232_6890,0.7894736842105263,3,-27.4,2,1,FALSE,1.4,,,19,19,0,0,yes,FALSE,22,FALSE,22,57,Candidate
Scaffold619_15498,1,1,-27,2,2,FALSE,1.4,,,14,14,0,0,yes,FALSE,23,TRUE,23,59,Candidate
Scaffold21969_29408,1,2,-26.3,3,2,TRUE,1.3,,,20,20,0,0,yes,FALSE,23,FALSE,23,58,Candidate
Scaffold1685_26471,0.8571428571428571,4,-17.9,2,3,TRUE,1.3,,,19,12,7,0,yes,FALSE,18,FALSE,20,67,falsepositive
Scaffold111_134,0.696969697,10,-14.9,2,2,TRUE,1.3,,,31,31,0,0,yes,FALSE,21,TRUE,21,57,Candidate
Scaffold637_15646,0.9870967741935484,19,-22,2,1,TRUE,1.3,,,250,155,0,95,yes,FALSE,21,FALSE,22,60,Candidate
Scaffold1144_19985,1,4,-24.5,2,3,FALSE,1.3,,,37,37,0,0,yes,FALSE,21,TRUE,22,59,Candidate
Scaffold597_14702,0.8335580049163429,289,-21.4,1,2,FALSE,1.3,,,25215,25210,0,5,yes,FALSE,21,TRUE,22,58,Candidate
Scaffold923_45637,0.8331873905429071,63,-25.1,2,5,FALSE,1.2,,,2268,2268,0,0,yes,FALSE,22,TRUE,25,57,Candidate
Scaffold467_12362,0.9629629629629628,4,-23.1,2,0,TRUE,1.2,,,26,26,0,0,yes,FALSE,21,TRUE,22,59,Candidate
Scaffold946_46748,0.5,2,-20.3,2,2,TRUE,1.2,,,20,20,0,0,yes,FALSE,22,TRUE,20,52,Candidate
Scaffold519_13421,1,3,-20.5,2,6,FALSE,1.2,,,54,54,0,0,yes,FALSE,22,FALSE,26,62,Candidate
Scaffold5453_40203,0.9917355371900828,7,-26.7,2,0,TRUE,1.2,,,120,120,0,0,yes,FALSE,21,TRUE,23,59,Candidate
Scaffold111_126,1,3,-28.5,4,2,TRUE,1.2,,,23,23,0,0,yes,FALSE,21,FALSE,22,63,Candidate
Scaffold27_7129,1,1,-20.7,2,2,FALSE,1.2,,,15,15,0,0,yes,FALSE,22,FALSE,25,62,Candidate
Scaffold1003_17861,0.9891304347826086,13,-25.3,2,2,TRUE,1.2,,,92,92,0,0,yes,FALSE,20,TRUE,21,59,Candidate
Scaffold1195_20898,0.4166666666666667,9,-19.7,4,4,FALSE,1.2,,,44,36,0,8,yes,FALSE,22,TRUE,22,57,falsepositive
Scaffold4704_38213,1,2,-28.9,2,2,FALSE,1.1,,,16,16,0,0,yes,FALSE,22,TRUE,22,56,Candidate
Scaffold2816_33452,0.6274509803921569,7,-18.1,2,2,FALSE,1.1,,,51,51,0,0,yes,FALSE,22,TRUE,22,52,Candidate
Scaffold2348_30237,0.6288275774985794,292,-28,0,3,FALSE,1.1,,,15023,13452,2,1569,yes,FALSE,20,TRUE,22,61,Confident
Scaffold4159_37289,0.8857142857142857,5,-21.4,2,2,FALSE,1.1,,,35,35,0,0,yes,FALSE,21,TRUE,21,51,Candidate
Scaffold1034_18184,1,2,-26.2,2,2,TRUE,1,,,17,17,0,0,yes,FALSE,22,TRUE,22,62,Candidate
Scaffold14_2466,0.906810036,19,-18.7,2,2,FALSE,0.9,,,279,279,0,0,yes,FALSE,22,TRUE,22,56,Candidate
Scaffold743_42374,1,2,-20.5,2,1,FALSE,0.9,,,20,20,0,0,yes,FALSE,22,FALSE,21,60,Candidate
Scaffold297_7903,0.8977272727272727,13,-21.5,0,2,FALSE,0.9,,,88,86,0,2,yes,FALSE,22,TRUE,24,61,Candidate
Scaffold613_15335,1,4,-18.6,2,2,TRUE,0.9,,,21,21,0,0,yes,FALSE,22,FALSE,22,62,Candidate
Scaffold382_11131,0.9670828603859252,76,-33.9,2,2,FALSE,0.9,,,2640,2640,0,0,yes,FALSE,23,TRUE,23,83,falsepositive
Scaffold1144_19987,1,3,-20.6,2,3,FALSE,0.9,,,14,14,0,0,yes,FALSE,21,TRUE,22,59,Candidate
Scaffold206_5676,0.8113963225923904,124,-24.5,2,1,TRUE,0.8,,,5473,5473,0,0,no,TRUE,22,TRUE,23,59,Confident
Scaffold39_11194,1,2,-22.2,1,5,TRUE,0.8,,,14,14,0,0,yes,FALSE,18,FALSE,14,52,falsepositive
Scaffold1870_27767,0.7209302325581395,14,-27.1,2,6,FALSE,0.8,,,42,42,0,0,yes,FALSE,22,FALSE,26,77,falsepositive
Scaffold87_17688,0.8113963225923904,124,-24.5,2,1,TRUE,0.8,,,5473,5473,0,0,no,TRUE,22,TRUE,23,59,Confident
Scaffold226_5847,1,3,-18.2,2,2,TRUE,0.8,,,14,14,0,0,yes,FALSE,21,TRUE,21,57,Candidate
Scaffold81795_43845,1,1,-16.2,2,2,FALSE,0.7,,,15,15,0,0,yes,FALSE,22,FALSE,25,62,Candidate
Scaffold2808_33394,0.9411764705882352,5,-22.1,2,3,TRUE,0.7,,,34,34,0,0,yes,FALSE,22,TRUE,21,72,Candidate
Scaffold1063_18899,0.8015873015873016,23,-26.1,0,1,FALSE,0.7,,,117,115,0,2,yes,FALSE,22,TRUE,21,58,Candidate
Scaffold562_14226,1,1,-10.1,2,2,FALSE,0.6,,,13,13,0,0,yes,FALSE,21,FALSE,18,64,falsepositive
Scaffold111_136,0.8819969742813918,40,-16.2,2,2,TRUE,0.6,,,625,625,0,0,yes,FALSE,22,TRUE,22,76,falsepositive
Scaffold613_15115,0.5573192239858906,40,-17,6,0,FALSE,0.6,,,535,529,6,0,yes,FALSE,22,FALSE,18,72,falsepositive
Scaffold18461_27421,0.2786069651741293,43,-26.4,2,1,FALSE,0.6,,,198,198,0,0,yes,FALSE,18,TRUE,17,69,falsepositive
Scaffold455_12297,1,1,-17.1,2,3,FALSE,0.5,,,18,18,0,0,yes,FALSE,21,TRUE,23,46,falsepositive
Scaffold64_15783,0.9689966178128524,42,-23.9,2,2,TRUE,0.5,,,1774,1774,0,0,yes,FALSE,21,FALSE,21,55,Candidate
Scaffold959_46898,0.7916666666666666,7,-24.8,2,2,TRUE,0.5,,,24,24,0,0,yes,FALSE,22,TRUE,22,68,falsepositive
Scaffold1129_19884,1,1,-18.7,2,0,TRUE,0.5,,,12,12,0,0,yes,FALSE,18,FALSE,20,50,Candidate
Scaffold2666_32384,0.6,3,-17.6,3,2,TRUE,0.4,,,20,20,0,0,yes,FALSE,18,FALSE,19,51,falsepositive
Scaffold321_9343,1,4,-17.5,2,3,FALSE,0.4,,,28,28,0,0,yes,FALSE,22,TRUE,23,57,Candidate
Scaffold477_12894,0.9333333333333332,2,-19.8,3,8,FALSE,0.4,,,14,14,0,0,yes,FALSE,20,FALSE,19,75,falsepositive
Scaffold1195_20669,0.54478673,239,-18.3,4,5,FALSE,0.4,,,8352,5279,0,3073,yes,FALSE,22,TRUE,23,57,Candidate
Scaffold76849_42663,0.4505791505791506,129,-18.7,2,3,FALSE,0.3,,,2535,1539,0,996,yes,FALSE,22,TRUE,22,60,falsepositive
Scaffold16276_25892,0.3988860997803577,139,-24.9,14,12,FALSE,0.3,,,14232,14223,9,0,yes,FALSE,22,FALSE,19,81,falsepositive
Scaffold317_9155,0.6428571428571429,5,-25.6,2,2,FALSE,0.3,,,28,28,0,0,no,TRUE,22,TRUE,25,81,Confident
Scaffold6117_40923,0.8529411764705882,6,-11.5,2,2,FALSE,0.2,,,34,34,0,0,yes,FALSE,21,TRUE,21,56,Candidate
Scaffold343_10651,0.9230769230769232,2,-23,2,2,TRUE,0.2,,,13,13,0,0,yes,FALSE,19,TRUE,18,69,falsepositive
Scaffold27_7588,0.7862068965517242,5,-15.9,1,7,FALSE,0.1,,,144,144,0,0,yes,FALSE,19,FALSE,23,77,falsepositive
Scaffold325_10194,1,2,-16.7,2,2,FALSE,0,,,25,25,0,0,yes,FALSE,21,TRUE,23,59,Candidate
Scaffold226_6614,0.9285714285714286,2,-11.3,2,6,TRUE,0,,,13,13,0,0,yes,FALSE,18,TRUE,14,49,falsepositive
Scaffold5883_40773,0.8966942148760331,15,-16.6,2,2,TRUE,0,,,242,242,0,0,yes,FALSE,21,TRUE,21,56,Candidate
Scaffold18461_27264,1,2,-25.9,2,2,TRUE,0,,,14,13,1,0,yes,FALSE,22,TRUE,22,78,falsepositive
Scaffold199_5213,1,3,-12.3,4,2,FALSE,0,,,17,17,0,0,yes,FALSE,21,TRUE,19,57,Candidate
Scaffold317_9175,0.875,4,-18,2,2,TRUE,0,,,16,16,0,0,yes,FALSE,23,TRUE,23,60,Candidate
